"title","year","nominations","awards","best_picture"
"Spotlight  ",2015,6,2,TRUE
"Mad Max: Fury Road ",2015,10,6,NA
"The Revenant   ",2015,12,3,NA
"Bridge of Spies",2015,6,1,NA
"The Big Short  ",2015,5,1,NA
"The Danish Girl",2015,4,1,NA
"Room   ",2015,4,1,NA
"Ex Machina ",2015,2,1,NA
"The Hateful Eight  ",2015,2,1,NA
"Inside Out ",2015,2,1,NA
"Amy",2015,1,1,NA
"Bear Story ",2015,1,1,NA
"A Girl in the River: The Price of Forgiveness  ",2015,1,1,NA
"Son of Saul",2015,1,1,NA
"Spectre",2015,1,1,NA
"Stutterer  ",2015,1,1,NA
"Birdman",2014,9,4,TRUE
"The Grand Budapest Hotel",2014,9,4,NA
"Whiplash",2014,5,3,NA
"The Imitation Game",2014,8,1,NA
"American Sniper",2014,6,1,NA
"Boyhood",2014,6,1,NA
"Interstellar",2014,5,1,NA
"The Theory of Everything",2014,5,1,NA
"Ida",2014,2,1,NA
"Selma",2014,2,1,NA
"Citizenfour",2014,1,1,NA
"Big Hero 6",2014,1,1,NA
"Crisis Hotline: Veterans Press 1",2014,1,1,NA
"The Phone Call",2014,1,1,NA
"Still Alice",2014,1,1,NA
"Feast",2014,1,1,NA
"12 Years a Slave",2013,9,3,TRUE
"Gravity",2013,10,7,NA
"Dallas Buyers Club",2013,6,3,NA
"Frozen",2013,2,2,NA
"The Great Gatsby",2013,2,2,NA
"Her",2013,5,1,NA
"Blue Jasmine",2013,3,1,NA
"Mr Hublot",2013,1,1,NA
"The Lady in Number 6: Music Saved My Life",2013,1,1,NA
"Helium",2013,1,1,NA
"The Great Beauty",2013,1,1,NA
"20 Feet from Stardom",2013,1,1,NA
"Argo",2012,7,3,TRUE
"Life of Pi",2012,11,4,NA
"Les Misérables",2012,8,3,NA
"Lincoln",2012,12,2,NA
"Django Unchained",2012,5,2,NA
"Skyfall",2012,5,2,NA
"Silver Linings Playbook",2012,8,1,NA
"Zero Dark Thirty",2012,5,1,NA
"Amour",2012,5,1,NA
"Anna Karenina",2012,4,1,NA
"Paperman",2012,1,1,NA
"Brave",2012,1,1,NA
"Searching for Sugar Man",2012,1,1,NA
"Inocente",2012,1,1,NA
"Curfew",2012,1,1,NA
"The Artist",2011,10,5,TRUE
"Hugo",2011,11,5,NA
"The Iron Lady",2011,2,2,NA
"The Descendants",2011,5,1,NA
"The Girl with the Dragon Tattoo",2011,5,1,NA
"Midnight in Paris",2011,4,1,NA
"The Help",2011,4,1,NA
"A Separation",2011,2,1,NA
"The Fantastic Flying Books of Mr. Morris Lessmore",2011,1,1,NA
"The Shore",2011,1,1,NA
"Undefeated",2011,1,1,NA
"The Muppets",2011,1,1,NA
"Saving Face",2011,1,1,NA
"Beginners",2011,1,1,NA
"Rango",2011,1,1,NA
"The King's Speech",2010,12,4,TRUE
"Inception",2010,8,4,NA
"The Social Network",2010,8,3,NA
"The Fighter",2010,7,2,NA
"Toy Story 3",2010,5,2,NA
"Alice in Wonderland",2010,3,2,NA
"Black Swan",2010,5,1,NA
"In a Better World",2010,1,1,NA
"The Lost Thing",2010,1,1,NA
"God of Love",2010,1,1,NA
"The Wolfman",2010,1,1,NA
"Strangers No More",2010,1,1,NA
"Inside Job",2010,1,1,NA
