page,outbreak_id,start_date,end_date,latitude,longitude,location,epidemiological_unit,species,bird_type,susceptible,cases,deaths,killed_disposed,slaughtered_commercial,vaccinated,year,month,duration_days
5,0062500064,2025-05-04,2025-05-16,-6.395227,-77.467479,"SAN NICOLAS, SAN NICOLAS,",NA,NA,NA,NA,NA,NA,NA,NA,NA,2025,5,12
8,0042500019,2025-02-25,2025-04-29,-13.758728,-76.232519,"LA PALMILLA, PARACAS, PISCO,",NA,NA,NA,NA,NA,NA,NA,NA,NA,2025,2,63
9,0162500063,2025-02-07,2025-03-13,-13.393792,-76.202967,"TOTORITA, GROCIO PRADO,",NA,NA,NA,NA,NA,NA,NA,NA,NA,2025,2,34
10,0282500005,2025-01-27,2025-04-14,-12.28244,-76.892884,"LURIN, LURIN, LIMA, LIMA",NA,NA,NA,NA,NA,NA,NA,NA,NA,2025,1,77
11,0062500022,2025-01-29,2025-04-21,-5.635028,-78.524051,"BAGUA, BAGUA, BAGUA,",NA,NA,NA,NA,NA,NA,NA,NA,NA,2025,1,82
12,0052500028,2025-01-23,2025-03-11,-7.234288,-78.421891,"POMABAMBA, JESUS,",NA,NA,NA,NA,NA,NA,NA,NA,NA,2025,1,47
13,0052400291,2024-12-17,2025-02-09,-7.21658,-78.44998,"COLLPA, JESUS, CAJAMARCA,",NA,NA,NA,NA,NA,NA,NA,NA,NA,2024,12,54
14,0052500001,2025-01-02,2025-02-13,-14.319812,-76.161136,"RAZURI, ASCOPE, LA LIBERTAD",NA,NA,NA,NA,NA,NA,NA,NA,NA,2025,1,42
16,0042400184,2024-10-07,2024-12-11,-5.225671,-80.628371,"CRUZ DEL MEDANO, MORROPE,",NA,NA,NA,NA,NA,NA,NA,NA,NA,2024,10,65
17,0102400096,2024-05-27,2024-11-13,-7.716179,-79.340357,"EL CERRITO, PAIJAN, ASCOPE, LA",NA,NA,NA,NA,NA,NA,NA,NA,NA,2024,5,170
18,0042400176,2024-09-20,2024-11-11,-9.504655,-77.512695,"HUANCHAC, INDEPENDENCIA,",NA,NA,NA,NA,NA,NA,NA,NA,NA,2024,9,52
19,0042400175,2024-09-19,2024-11-13,-6.51388,-79.96298,"CRUZ DEL MEDANO, MORROPE,",NA,NA,NA,NA,NA,NA,NA,NA,NA,2024,9,55
20,0242400087,2024-07-15,2024-11-06,-16.675671,-71.858337,"SAN CAMILO, LA JOYA,",NA,NA,NA,NA,NA,NA,NA,NA,NA,2024,7,114
21,0242400043,2024-06-21,2024-11-06,-17.118688,-71.886074,"MEJIA, MEJIA, ISLAY, AREQUIPA",NA,NA,NA,NA,NA,NA,NA,NA,NA,2024,6,138
22,0042400164,2024-09-10,2024-11-04,-6.37989,-79.76615,"LA VIÑA, JAYANCA, LAMBAYEQUE,",NA,NA,NA,NA,NA,NA,NA,NA,NA,2024,9,55
23,0052400206,2024-09-10,2024-10-25,-13.34115,-72.188955000000007,"MARAS, MARAS, URUBAMBA,",NA,NA,NA,NA,NA,NA,NA,NA,NA,2024,9,45
24,0042400158,2024-08-28,2024-10-24,-6.53844,-80.015359,"MORROPE, LAMBAYEQUE,",NA,NA,NA,NA,NA,NA,NA,NA,NA,2024,8,57
25,0042400151,2024-08-19,2024-10-24,-8.361888,-78.716011,"TOMABAL, VIRU, VIRU, LA",NA,NA,NA,NA,NA,NA,NA,NA,NA,2024,8,66
26,0092400033,2024-05-29,2024-09-05,-13.632779,-71.731683,"LUCRE, LUCRE, QUISPICANCHI,",NA,NA,NA,NA,NA,NA,NA,NA,NA,2024,5,99
27,0282400047,2024-05-10,2024-08-08,-6.60292,-79.90128,"CAPILLA SANTA ROSA,",NA,NA,NA,NA,NA,NA,NA,NA,NA,2024,5,90
28,0112400026,2024-04-20,2024-06-16,-6.63257,-79.39659,"CHONGOYAPE, CHONGOYAPE,",NA,NA,NA,NA,NA,NA,NA,NA,NA,2024,4,57
29,0212400165,2024-06-09,2024-07-19,-13.524561,-71.978569,"WANCHAQ, WANCHAQ, CUSCO,",NA,NA,NA,NA,NA,NA,NA,NA,NA,2024,6,40
30,0092400019,2024-03-27,2024-05-26,-7.167847,-79.460827,"QUITO, PACANGA, CHEPEN, LA",NA,NA,NA,NA,NA,NA,NA,NA,NA,2024,3,60
31,0262400029,2024-04-21,2024-07-11,-7.718854,-79.3196,"CHUMPON, PAIJAN, ASCOPE, LA",NA,NA,NA,NA,NA,NA,NA,NA,NA,2024,4,81
32,0162400083,2024-04-23,2024-05-07,-12.298817,-76.902802,"LURIN, LURIN, LIMA, LIMA",NA,NA,NA,NA,NA,NA,NA,NA,NA,2024,4,14
33,0162400077,2024-04-21,2024-07-05,-14.222403,-76.154966,"ICA, ICA, ICA, ICA",NA,NA,NA,NA,NA,NA,NA,NA,NA,2024,4,75
34,0162400069,2024-04-16,2024-06-04,-14.29369,-76.184112,"PARACAS, PARACAS, PISCO, ICA",NA,NA,NA,NA,NA,NA,NA,NA,NA,2024,4,49
35,0282400026,2024-04-02,2024-04-24,-14.17244,-76.194671,"PARACAS, PARACAS, PISCO, ICA",NA,NA,NA,NA,NA,NA,NA,NA,NA,2024,4,22
36,0262400034,2024-05-06,2024-07-11,-3.500756,-80.392133,"PUERTO PIZARRO, TUMBES,",NA,NA,NA,NA,NA,NA,NA,NA,NA,2024,5,66
37,0042400101,2024-06-12,2024-07-04,-6.75956,-79.78675,"INFIERNILLO, POMALCA,",NA,NA,NA,NA,NA,NA,NA,NA,NA,2024,6,22
38,0112400025,2024-04-09,2024-05-06,-6.76987,-79.8958,"SAN JOSE, SAN JOSE,",NA,NA,NA,NA,NA,NA,NA,NA,NA,2024,4,27
39,0092400014,2024-02-21,2024-05-29,-6.76018,-79.78584,"POMALCA, POMALCA, CHICLAYO,",NA,NA,NA,NA,NA,NA,NA,NA,NA,2024,2,98
40,0052400074,2024-05-02,2024-05-02,-7.13487,-78.505,"SANTA BARBARA, LOS BAÑOS",NA,NA,NA,NA,NA,NA,NA,NA,NA,2024,5,0
41,0042400073,2024-04-23,2024-05-28,-6.46688,-79.95826,"MONTE HERMOSO, MORROPE,",NA,NA,NA,NA,NA,NA,NA,NA,NA,2024,4,35
42,0282400017,2024-03-07,2024-04-30,-6.492,-79.89059,"CHORRILLOS, CHORRILLOS, LIMA,",NA,NA,NA,NA,NA,NA,NA,NA,NA,2024,3,54
43,0092300170,2023-12-16,2024-03-12,-7.720125,-77.86557,"MARCABALITO, MARCABAL,",NA,NA,NA,NA,NA,NA,NA,NA,NA,2023,12,87
44,0092400002,2024-01-05,2024-03-13,-7.11875,-79.5018,"CERRO COLORADO, PACANGA,",NA,NA,NA,NA,NA,NA,NA,NA,NA,2024,1,68
45,0092300172,2023-12-18,2024-03-12,-7.1523,-79.40956,"PACANGA, CHEPEN, LA LIBERTAD",NA,NA,NA,NA,NA,NA,NA,NA,NA,2023,12,85
46,0092300160,2023-11-29,2024-03-12,-7.16736,-79.42611,"PACANGA, CHEPEN, LA LIBERTAD",NA,NA,NA,NA,NA,NA,NA,NA,NA,2023,11,104
47,0042400005,2024-01-05,2024-02-27,-6.49992,-80.00754,"MORROPE, LAMBAYEQUE,",NA,NA,NA,NA,NA,NA,NA,NA,NA,2024,1,53
49,0102300236,2023-11-28,2024-02-12,-14.06607,-75.763526,SECTOR EL MILAGRO MZ A LT 15,NA,NA,NA,NA,NA,NA,NA,NA,NA,2023,11,76
50,0032300009,2023-02-14,2023-04-19,-9.523236,-77.512809,"INDEPENDENCIA (CENTENARIO),",NA,NA,NA,NA,NA,NA,NA,NA,NA,2023,2,64
51,0032300066,2023-12-25,2024-02-13,-3.629381,-80.201948,"JOSE ABELARDO QUIÑONES,",NA,NA,NA,NA,NA,NA,NA,NA,NA,2023,12,50
52,0142300139,2023-11-05,2024-01-22,-15.022375,-73.783182,"CORACORA, CORACORA,",NA,NA,NA,NA,NA,NA,NA,NA,NA,2023,11,78
53,0042300438,2023-12-06,2024-02-06,-6.88513,-79.56961,"SANTA ROSA BAJO, CAYALTI,",NA,NA,NA,NA,NA,NA,NA,NA,NA,2023,12,62
54,0092300158,2023-12-02,2024-01-31,-8.137653,-79.021525,"MOCHE, TRUJILLO, LA LIBERTAD",NA,NA,NA,NA,NA,NA,NA,NA,NA,2023,12,60
55,0042300409,2023-11-12,2024-01-25,-6.75908,-79.78009,"POMALCA, CHICLAYO,",NA,NA,NA,NA,NA,NA,NA,NA,NA,2023,11,74
56,0092300132,2023-10-24,2024-01-25,-8.150973,-79.012903,"SUN, MOCHE, TRUJILLO, LA",NA,NA,NA,NA,NA,NA,NA,NA,NA,2023,10,93
57,0092300146,2023-11-16,2024-01-26,-5.612665,-78.440305,"La Peca, Bagua, Amazonas",NA,NA,NA,NA,NA,NA,NA,NA,NA,2023,11,71
58,0042300367,2023-10-18,2024-01-05,-8.12791,-78.98836,"MOCHE, TRUJILLO, LA LIBERTAD",NA,NA,NA,NA,NA,NA,NA,NA,NA,2023,10,79
59,0162300478,2023-11-19,2024-01-23,-13.386188,-76.151,"EL AMARILLO, GROCIO PRADO,",NA,NA,NA,NA,NA,NA,NA,NA,NA,2023,11,65
60,0042300410,2023-11-08,2024-01-18,-6.49793,-79.95547,"CASA BLANCA, MORROPE,",NA,NA,NA,NA,NA,NA,NA,NA,NA,2023,11,71
61,0042300396,2023-11-08,2024-01-22,-6.61146,-79.9278,"LAMBAYEQUE, LAMBAYEQUE,",NA,NA,NA,NA,NA,NA,NA,NA,NA,2023,11,75
62,0042300364,2023-10-23,2024-01-22,-6.38523,-79.56395,"LAMBAYEQUE, LAMBAYEQUE,",NA,NA,NA,NA,NA,NA,NA,NA,NA,2023,10,91
63,0042300353,2023-09-16,2024-01-12,-6.65821,-79.8499,SIALUPE HUAMANTANGA PUNTO,NA,NA,NA,NA,NA,NA,NA,NA,NA,2023,9,118
64,0042300350,2023-09-29,2023-11-07,-6.81608,-79.78296,"SAN PABLO, POMALCA,",NA,NA,NA,NA,NA,NA,NA,NA,NA,2023,9,39
65,0282300192,2023-11-20,2024-01-16,-5.565338,-78.552745,"Guadalupe, Bagua, Bagua,",NA,NA,NA,NA,NA,NA,NA,NA,NA,2023,11,57
66,0282300188,2023-11-16,2024-01-12,-12.230457,-76.897978,"PACHACAMAC, PACHACAMAC,",NA,NA,NA,NA,NA,NA,NA,NA,NA,2023,11,57
67,0042300319,2023-09-19,2023-12-13,-6.49762,-79.94877,"TRANCA FANUPE (FANUPE),",NA,NA,NA,NA,NA,NA,NA,NA,NA,2023,9,85
68,0042300302,2023-09-17,2023-12-13,-6.84214,-79.81105,"MONSEFU, CHICLAYO,",NA,NA,NA,NA,NA,NA,NA,NA,NA,2023,9,87
69,0042300301,2023-09-17,2023-12-12,-6.69773,-79.77869,"SAN MIGUEL, PICSI, CHICLAYO,",NA,NA,NA,NA,NA,NA,NA,NA,NA,2023,9,86
70,0042300339,2023-09-04,2023-12-19,-6.82435,-79.79934,"SAN PABLO, POMALCA,",NA,NA,NA,NA,NA,NA,NA,NA,NA,2023,9,106
71,0042300268,2023-08-02,2023-10-06,-6.51518,-79.92171,"CHEPITO OLIVOS, MORROPE,",NA,NA,NA,NA,NA,NA,NA,NA,NA,2023,8,65
72,0282300193,2023-11-15,2024-01-16,-12.23034,-76.898294,"PACHACAMAC, PACHACAMAC,",NA,NA,NA,NA,NA,NA,NA,NA,NA,2023,11,62
73,0112300218,2023-11-01,2023-12-21,-12.153532,-75.225049,"HUAYUCACHI, HUAYUCACHI,",NA,NA,NA,NA,NA,NA,NA,NA,NA,2023,11,50
74,0052300304,2023-11-14,2024-01-12,-13.019817,-76.47766,"CERRO AZUL, CAÑETE, LIMA",NA,NA,NA,NA,NA,NA,NA,NA,NA,2023,11,59
75,0052300296,2023-11-05,2023-12-28,-7.61634,-78.0425,"TICAPAMPA, CAJABAMBA,",NA,NA,NA,NA,NA,NA,NA,NA,NA,2023,11,53
76,0262300160,2023-11-20,2023-12-22,-5.449965,-78.490353,"SALINAS, ARAMANGO, BAGUA,",NA,NA,NA,NA,NA,NA,NA,NA,NA,2023,11,32
77,0032300056,2023-10-22,2023-12-22,-3.516711,-80.274453,"AGUAS VERDES, AGUAS VERDES,",NA,NA,NA,NA,NA,NA,NA,NA,NA,2023,10,61
78,0112300203,2023-10-26,2023-12-11,-12.066374,-75.285151,"CHUPACA, CHUPACA, CHUPACA,",NA,NA,NA,NA,NA,NA,NA,NA,NA,2023,10,46
79,0022300142,2023-09-18,2023-11-29,-5.759673,-78.431539,"BAGUA GRANDE, BAGUA GRANDE,",NA,NA,NA,NA,NA,NA,NA,NA,NA,2023,9,72
80,0052300280,2023-10-12,2023-12-11,-7.6265,-78.0452,"CAJABAMBA, CAJABAMBA,",NA,NA,NA,NA,NA,NA,NA,NA,NA,2023,10,60
81,0052300260,2023-09-13,2023-11-21,-7.102885,-78.548323,"PLAN DE TUAL, CAJAMARCA,",NA,NA,NA,NA,NA,NA,NA,NA,NA,2023,9,69
82,0052300256,2023-09-22,2023-11-29,-7.4122,-78.50052,"EL TRIUNFO, LOS BAÑOS DEL",NA,NA,NA,NA,NA,NA,NA,NA,NA,2023,9,68
83,0052300252,2023-09-17,2023-11-06,-7.1919,-78.4841,"HUACARIZ GRANDE, CAJAMARCA,",NA,NA,NA,NA,NA,NA,NA,NA,NA,2023,9,50
84,0052300247,2023-09-11,2023-11-02,-7.191514,-78.483775,"HUACARIZ GRANDE, CAJAMARCA,",NA,NA,NA,NA,NA,NA,NA,NA,NA,2023,9,52
85,0282300051,2023-03-25,2023-10-13,-12.122073,-76.953161,"SAN JUAN DE MIRAFLORES, LIMA,",NA,NA,NA,NA,NA,NA,NA,NA,NA,2023,3,202
86,0282300132,2023-08-10,2023-11-14,-13.073405,-76.449584,"LAS PALMAS (LOS HUACONES),",NA,NA,NA,NA,NA,NA,NA,NA,NA,2023,8,96
87,0282300122,2023-07-29,2023-10-25,-11.973454,-76.981854,"SAN JUAN DE LURIGANCHO,",NA,NA,NA,NA,NA,NA,NA,NA,NA,2023,7,88
88,0042200118,2022-12-10,2023-01-12,-6.76596,-79.96512,Localidad de San Jose,NA,NA,NA,NA,NA,NA,NA,NA,NA,2022,12,33
89,0042300061,2023-03-15,2023-07-26,-6.82376,-79.79836,"SAN PABLO, POMALCA,",NA,NA,NA,NA,NA,NA,NA,NA,NA,2023,3,133
90,0042300036,2023-02-13,2023-08-11,-6.43111,-79.46179,PICSI CALLE REAL 374,NA,NA,NA,NA,NA,NA,NA,NA,NA,2023,2,179
91,0042300170,2023-05-08,2023-08-02,-6.50653,-79.96558,"LAGARTERA, MORROPE,",NA,NA,NA,NA,NA,NA,NA,NA,NA,2023,5,86
92,0042300086,2023-03-10,2023-07-25,-6.54552,-79.97711,"ARBOLSOL PEDREGAL, MORROPE,",NA,NA,NA,NA,NA,NA,NA,NA,NA,2023,3,137
93,0042300053,2023-02-27,2023-06-21,-6.55712,-79.98216,SAN ISIDRO,NA,NA,NA,NA,NA,NA,NA,NA,NA,2023,2,114
94,0042300026,2023-02-08,2023-06-30,-6.90401,-79.8623,CIUDAD ETEN,NA,NA,NA,NA,NA,NA,NA,NA,NA,2023,2,142
95,0042300312,2023-09-22,2023-11-27,-6.76172,-79.88893,"SAN PEDRO, PIMENTEL,",NA,NA,NA,NA,NA,NA,NA,NA,NA,2023,9,66
96,0162300417,2023-10-23,2023-11-28,-12.230015,-76.898318,"PACHACAMAC, PACHACAMAC,",NA,NA,NA,NA,NA,NA,NA,NA,NA,2023,10,36
97,0112300085,2023-07-26,2023-09-22,-11.352888,-75.66384,"ACOBAMBA, ACOBAMBA, TARMA,",NA,NA,NA,NA,NA,NA,NA,NA,NA,2023,7,58
99,0042300340,2023-10-07,2023-10-18,-6.97205,-79.57351,", SAN JOSE, LAMBAYEQUE,",NA,NA,NA,NA,NA,NA,NA,NA,NA,2023,10,11
103,0052300200,2023-06-30,2023-08-21,-7.10436,-78.54707,"HUAMBOCANCHA ALTA,",NA,NA,NA,NA,NA,NA,NA,NA,NA,2023,6,52
105,0162300351,2023-09-20,2023-10-10,-6.64497,-79.79199,"FERREÑAFE, FERREÑAFE,",NA,NA,NA,NA,NA,NA,NA,NA,NA,2023,9,20
107,0022200117,2022-11-10,2022-11-24,-14.619537,-73.944856,"CHAUPI, PUQUIO, LUCANAS,",NA,NA,NA,NA,NA,NA,NA,NA,NA,2022,11,14
109,0282300125,2023-08-03,2023-09-21,-12.318363,-76.747365,"SAN BARTOLO, SAN BARTOLO,",NA,NA,NA,NA,NA,NA,NA,NA,NA,2023,8,49
112,0092200074,2022-12-26,2023-04-17,-7.13938,-79.434798,Pacanguilla,NA,NA,NA,NA,NA,NA,NA,NA,NA,2022,12,112
116,0282200143,2022-12-08,2023-07-11,-13.649315,-73.372381,"PUISO, SAN JERONIMO,",NA,NA,NA,NA,NA,NA,NA,NA,NA,2022,12,215
122,0092200075,2022-12-30,2023-03-14,-8.142522,-78.172598,"SANTIAGO DE CHUCO, SANTIAGO",NA,NA,NA,NA,NA,NA,NA,NA,NA,2022,12,74
123,0092200073,2022-12-20,2023-04-13,-7.770198,-78.46825,Localidad de Sañumas,NA,NA,NA,NA,NA,NA,NA,NA,NA,2022,12,114
148,0052300218,2023-07-28,2023-09-12,-7.190102,-78.472988,"HUACARIZ SAN ANTONIO,",NA,NA,NA,NA,NA,NA,NA,NA,NA,2023,7,46
150,0052300216,2023-07-26,2023-09-11,-6.75852,-79.78069,"INVERNILLO, POMALCA,",NA,NA,NA,NA,NA,NA,NA,NA,NA,2023,7,47
151,0282300114,2023-06-26,2023-09-18,-12.122554,-76.955144,SAN JUAN DE MIRAFLORES,NA,NA,NA,NA,NA,NA,NA,NA,NA,2023,6,84
183,0282300096,2023-05-27,2023-06-09,-12.226525,-76.984847,"Pantanos de Villa, Chorrillos,",NA,NA,NA,NA,NA,NA,NA,NA,NA,2023,5,13
187,0032300047,2023-07-21,2023-08-04,-3.633757,-80.587314,"CALETA CRUZ, LA CRUZ, TUMBES,",NA,NA,NA,NA,NA,NA,NA,NA,NA,2023,7,14
188,0092300046,2023-05-23,2023-07-20,-6.693127,-78.534431,"FRUTILLO, BAMBAMARCA,",NA,NA,NA,NA,NA,NA,NA,NA,NA,2023,5,58
189,0092300069,2023-05-23,2023-07-24,-8.160919,-79.036782,"BOCANA SUR, VICTOR LARCO",NA,NA,NA,NA,NA,NA,NA,NA,NA,2023,5,62
194,0162300214,2023-07-13,2023-08-15,-7.07009,-78.57835,"TOTORITA, GROCIO PRADO,",NA,NA,NA,NA,NA,NA,NA,NA,NA,2023,7,33
196,0162300169,2023-06-01,2023-06-09,-13.5727,-76.1891,"Playa El Carmen, El Carmen,",NA,NA,NA,NA,NA,NA,NA,NA,NA,2023,6,8
197,0282200149,2022-12-10,2023-05-12,-13.397392,-76.102883,Localidad de 15 de Agosto,NA,NA,NA,NA,NA,NA,NA,NA,NA,2022,12,153
198,0092200066,2022-12-04,2023-04-13,-10.795517,-77.709406,Localidad de Supe,NA,NA,NA,NA,NA,NA,NA,NA,NA,2022,12,130
199,0282200127,2022-11-27,2023-05-23,-14.10843,-75.73069,Localidad de Poruma,NA,NA,NA,NA,NA,NA,NA,NA,NA,2022,11,177
202,0102300091,2023-05-19,2023-05-30,-9.775538,-78.24264,"Playa Grande, Casma, Casma,",NA,NA,NA,NA,NA,NA,NA,NA,NA,2023,5,11
203,0022200122,2022-11-18,2022-11-25,-10.298426,-78.059639,"GRAMADAL, HUARMEY, HUARMEY,",NA,NA,NA,NA,NA,NA,NA,NA,NA,2022,11,7
204,0022200120,2022-11-18,2023-02-25,-4.13288,-81.102535,Playa Vichayito,NA,NA,NA,NA,NA,NA,NA,NA,NA,2022,11,99
206,0022200129,2022-11-15,2022-11-29,-6.41814,-80.85116,Isla Lobo de Tierra,NA,NA,NA,NA,NA,NA,NA,NA,NA,2022,11,14
207,0022200124,2022-11-20,2022-11-25,-6.448394,-80.843436,"BAYOVAR, SECHURA, SECHURA,",NA,NA,NA,NA,NA,NA,NA,NA,NA,2022,11,5
208,0022200121,2022-11-18,2022-11-25,-4.905881,-81.056713,Pueblo Nuevo de Colan,NA,NA,NA,NA,NA,NA,NA,NA,NA,2022,11,7
209,0262200054,2022-11-27,2022-12-05,-17.702064,-71.374937,Localidad Punta de Coles,NA,NA,NA,NA,NA,NA,NA,NA,NA,2022,11,8
210,0282200111,2022-11-22,2022-11-28,-12.403342,-76.775795,Playa Santa Maria del Mar,NA,NA,NA,NA,NA,NA,NA,NA,NA,2022,11,6
211,0282200108,2022-11-21,2022-11-30,-12.33986,-76.824717,Playa La Isla,NA,NA,NA,NA,NA,NA,NA,NA,NA,2022,11,9
212,0282200107,2022-11-20,2022-11-30,-12.58995,-76.705083,Playa Puerto Viejo,NA,NA,NA,NA,NA,NA,NA,NA,NA,2022,11,10
213,0042200096,2022-11-19,2022-11-25,-6.82601,-79.94011,Playa de Pimentel,NA,NA,NA,NA,NA,NA,NA,NA,NA,2022,11,6
214,0042200092,2022-11-16,2022-11-25,-6.755493,-79.968677,Playa de San José,NA,NA,NA,NA,NA,NA,NA,NA,NA,2022,11,9
215,0092200049,2022-11-20,2022-11-24,-6.827698,-79.94066,"Distrito Pimentel, Provincia de",NA,NA,NA,NA,NA,NA,NA,NA,NA,2022,11,4
216,0092200048,2022-11-19,2022-11-24,-7.201671,-79.66636,"Playa La Bocana, Jequetepeque",NA,NA,NA,NA,NA,NA,NA,NA,NA,2022,11,5
217,0092200045,2022-11-18,2022-11-24,-7.504835,-79.545248,Playa Puemape,NA,NA,NA,NA,NA,NA,NA,NA,NA,2022,11,6
219,0102200081,2022-11-21,2022-11-25,-16.235999,-73.700444,Reserva Nacional de Punta Atico,NA,NA,NA,NA,NA,NA,NA,NA,NA,2022,11,4
